Target_label,Version_code,Apk_size,Nlib,min_sdk,targ_sdk,Nperm,Ndang,Nnorm,Ncust,Nact,Nserv,Nintent,delay_last_release,release_time,note_length,chang_perc_note,Apk_size_changed,diff_Apk_size,Nlib_changed,diff_Nlib,min_sdk_changed,diff_min_sdk,targ_sdk_changed,diff_target_sdk,Nperm_changed,diff_Nperm,Ndang_changed,diff_Ndang,Nnorm_changed,diff_Nnorm,Ncust_changed,diff_Ncust,Nact_changed,diff_Nact,Nserv_changed,diff_Nserv,Nintent_changed,diff_Nintent,chang_perc_Apk_size,chang_perc_Nlib,chang_perc_min_sdk,chang_perc_targ_sdk,chang_perc_Nperm,chang_perc_Ndang,chang_perc_Nnorm,chang_perc_Ncust,chang_perc_Nact,chang_perc_Nserv,chang_perc_Nintent,hist_rating,hist_perc_neg_rating,last_rating,last_perc_neg_rating,prev_release_res,app_recent_rate_bad,app_hist_rate_bad,Negativity_ratio
3,228000003,25.98594,2,15,23,12,3,5,3,5,2,6,10,10,85,1.1765,1,0.5291,0,0,0,0,0,0,0,0,0,0,0,0,0,0,0,0,0,0,0,0,2.0784,0,0,0,0,0,0,0,0,0,0,4.3596,3.6145,4.3596,3.6145,-1,0,0,1.155
2,229000003,26.28372,2,15,23,12,3,5,3,5,2,6,12.5,15,69,49.4118,1,0.2978,0,0,0,0,0,0,0,0,0,0,0,0,0,0,0,0,0,0,0,0,1.1459,0,0,0,0,0,0,0,0,0,0,4.3605,4.3425,4.3613,5.0705,3,1,1,1.0612
2,230000013,26.28496,2,15,23,12,3,5,3,5,2,6,10,10,69,1.4493,1,0.0012,0,0,0,0,0,0,0,0,0,0,0,0,0,0,0,0,0,0,0,0,0.0047,0,0,0,0,0,0,0,0,0,0,4.3613,5.0705,4.3623,5.4315,2,0.5,0.5,0.9685
3,230000023,26.39202,2,15,23,12,3,5,3,5,2,6,10,4,69,68.1159,1,0.1071,0,0,0,0,0,0,0,0,0,0,0,0,0,0,0,0,0,0,0,0,0.4073,0,0,0,0,0,0,0,0,0,0,4.3618,5.0136,4.3627,4.9568,2,0.34,0.34,1.1346
2,231000003,26.53167,2,15,23,12,3,5,3,5,2,6,10,13,69,1.4493,1,0.1396,0,0,0,0,0,0,0,0,0,0,0,0,0,0,0,0,0,0,0,0,0.5291,0,0,0,0,0,0,0,0,0,0,4.3623,5.0705,4.3637,5.8072,3,0.5,0.5,0.9791
2,232000003,26.6702,2,15,23,12,3,5,3,5,2,6,11.5,15,69,1.4493,1,0.1385,0,0,0,0,0,0,0,0,0,0,0,0,0,0,0,0,0,0,0,0,0.5221,0,0,0,0,0,0,0,0,0,0,4.3625,5.0409,4.3651,5.0113,2,0.41,0.41,1.0671
3,233000013,26.83238,2,15,23,12,3,5,3,5,2,6,13,16,69,1.4493,1,0.1622,0,0,0,0,0,0,0,0,0,0,0,0,0,0,0,0,0,0,0,0,0.6081,0,0,0,0,0,0,0,0,0,0,4.3627,5.0705,4.3669,5.4614,2,0.21,0.34,1.1951
3,234000003,27.14137,2,15,23,12,3,5,3,5,2,6,12,11,69,1.4493,1,0.309,0,0,0,0,0,0,0,0,0,0,0,0,0,0,0,0,0,0,0,0,1.1516,0,0,0,0,0,0,0,0,0,0,4.3632,5.251,4.3682,6.3193,3,0.41,0.43,1.1331
2,235000003,27.17102,2,15,23,12,3,5,3,5,2,6,13,14,70,66.6667,1,0.0296,0,0,0,0,0,0,0,0,0,0,0,0,0,0,0,0,0,0,0,0,0.1092,0,0,0,0,0,0,0,0,0,0,4.3637,5.4315,4.3691,6.142,3,0.61,0.5,0.9008
2,236000003,27.20187,2,15,23,12,3,5,3,5,2,6,13.5,16,54,54.2857,1,0.0308,0,0,0,0,0,0,0,0,0,0,0,0,0,0,0,0,0,0,0,0,0.1135,0,0,0,0,0,0,0,0,0,0,4.3644,5.251,4.3709,4.8833,2,0.41,0.45,0.9811
2,237000003,27.2303,2,15,23,12,3,5,3,5,2,6,13,12,61,83.3333,1,0.0284,0,0,0,0,0,0,0,0,0,0,0,0,0,0,0,0,0,0,0,0,0.1045,0,0,0,0,0,0,0,0,0,0,4.3651,5.1877,4.3723,5.1877,2,0.41,0.41,1.0104
2,237000013,27.23393,2,15,23,12,3,5,3,5,2,6,12.5,4,61,1.6393,1,0.0036,0,0,0,0,0,0,0,0,0,0,0,0,0,0,0,0,0,0,0,0,0.0133,0,0,0,0,0,0,0,0,0,0,4.366,5.2091,4.373,5.2305,2,0.41,0.37,0.9613
2,238000003,27.89039,2,15,23,12,3,5,3,5,2,6,12,7,61,1.6393,1,0.6565,0,0,0,0,0,0,0,0,0,0,0,0,0,0,0,0,0,0,0,0,2.4105,0,0,0,0,0,0,0,0,0,0,4.3669,5.1877,4.374,4.9763,2,0.21,0.34,1.0124
3,238000043,27.89042,2,15,23,12,3,5,3,5,2,6,11,1,71,83.6066,1,-0.0001,0,0,0,0,0,0,0,0,0,0,0,0,0,0,0,0,0,0,0,0,-0.0004,0,0,0,0,0,0,0,0,0,0,4.3682,5.1877,4.3746,0,2,0,0.31,1.1518
2,239000003,27.92786,2,15,23,12,3,5,3,5,2,6,11.5,13,59,50.7042,1,0.0374,0,0,0,0,0,0,0,0,0,0,0,0,0,0,0,0,0,0,0,0,0.1342,0,0,0,0,0,0,0,0,0,0,4.3686,5.2091,4.3756,5.9623,3,0.21,0.36,0.9513
3,240000013,28.12235,2,15,23,12,3,5,3,5,2,6,11,11,59,1.6949,1,0.1945,0,0,0,0,0,0,0,0,0,0,0,0,0,0,0,0,0,0,0,0,0.6964,0,0,0,0,0,0,0,0,0,0,4.3691,5.1877,4.3767,4.9555,2,0.21,0.34,1.2867
3,241000003,28.20407,2,15,23,12,3,5,3,5,2,6,11.5,12,77,86.4407,1,0.0817,0,0,0,0,0,0,0,0,0,0,0,0,0,0,0,0,0,0,0,0,0.2906,0,0,0,0,0,0,0,0,0,0,4.37,5.2091,4.3773,6.7023,3,0.41,0.38,1.2224
1,242000003,28.28577,2,15,23,12,3,5,3,5,2,6,12,19,69,58.4416,1,0.0817,0,0,0,0,0,0,0,0,0,0,0,0,0,0,0,0,0,0,0,0,0.2897,0,0,0,0,0,0,0,0,0,0,4.3709,5.2305,4.3785,6.4005,3,0.61,0.42,0.821
2,243000003,28.71463,2,15,23,12,3,5,3,5,2,6,11.5,11,69,1.4493,1,0.4289,0,0,0,0,0,0,0,0,0,0,0,0,0,0,0,0,0,0,0,0,1.5162,0,0,0,0,0,0,0,0,0,0,4.3716,5.2091,4.3799,4.2987,1,0.61,0.39,1.0214
1,244000023,29.15654,2,15,23,12,3,5,3,5,2,6,12,18,52,43.4783,1,0.4419,0,0,0,0,0,0,0,0,0,0,0,0,0,0,0,0,0,0,0,0,1.539,0,0,0,0,0,0,0,0,0,0,4.3723,5.2305,4.3816,5.3479,2,0.41,0.37,0.8175
1,244000033,29.15816,2,15,23,12,3,5,3,5,2,6,11.5,6,52,1.9231,1,0.0016,0,0,0,0,0,0,0,0,0,0,0,0,0,0,0,0,0,0,0,0,0.0056,0,0,0,0,0,0,0,0,0,0,4.3727,5.2091,4.3826,4.2805,1,0.41,0.35,0.3857
2,244000053,29.15816,2,15,23,12,3,5,3,5,2,6,11,2,52,1.9231,0,0,0,0,0,0,0,0,0,0,0,0,0,0,0,0,0,0,0,0,0,0,0,0,0,0,0,0,0,0,0,0,0,4.373,5.1877,4.383,2.0089,1,0.21,0.34,1.0897
2,245000013,29.43894,2,15,23,12,3,5,3,5,2,6,11,5,52,1.9231,1,0.2808,0,0,0,0,0,0,0,0,0,0,0,0,0,0,0,0,0,0,0,0,0.963,0,0,0,0,0,0,0,0,0,0,4.3735,5.2091,4.3834,5.6765,2,0,0.32,1.1032
1,246000013,48.20363,2,15,23,12,3,5,3,5,2,6,11,11,56,73.0769,1,18.7647,0,0,0,0,0,0,0,0,0,0,0,0,0,0,0,0,0,0,0,0,63.7411,0,0,0,0,0,0,0,0,0,0,4.374,5.2305,4.3843,5.7764,2,0,0.31,0.8601
2,246000023,48.19649,2,15,23,12,3,5,3,5,2,6,11,6,56,1.7857,1,-0.0071,0,0,0,0,0,0,0,0,0,0,0,0,0,0,0,0,0,0,0,0,-0.0148,0,0,0,0,0,0,0,0,0,0,4.3741,5.2091,4.3851,4.5031,1,0,0.3,0.8786
1,247000003,48.71505,2,15,23,12,3,5,3,5,2,6,11,11,56,1.7857,1,0.5186,0,0,0,0,0,0,0,0,0,0,0,0,0,0,0,0,0,0,0,0,1.0759,0,0,0,0,0,0,0,0,0,0,4.3742,5.1877,4.3864,4.5767,2,0,0.29,0.7471
1,247000023,48.71784,2,15,23,12,3,5,3,5,2,6,11,8,56,1.7857,1,0.0028,0,0,0,0,0,0,0,0,0,0,0,0,0,0,0,0,0,0,0,0,0.0057,0,0,0,0,0,0,0,0,0,0,4.3744,5.1291,4.3875,3.8673,1,0,0.27,0.5017
2,248000013,48.38773,2,15,23,12,3,5,3,5,2,6,11,6,20,19.6429,1,-0.3301,0,0,0,0,0,0,0,0,0,0,0,0,0,0,0,0,0,0,0,0,-0.6776,0,0,0,0,0,0,0,0,0,0,4.3746,5.0705,4.3883,2.5864,1,0,0.26,1.0091
2,249000003,48.43733,2,15,23,12,3,5,3,5,2,6,11,15,19,25,1,0.0496,0,0,0,0,0,0,0,0,0,0,0,0,0,0,0,0,0,0,0,0,0.1025,0,0,0,0,0,0,0,0,0,0,4.3751,5.1124,4.3896,5.1544,2,0,0.25,0.9499
2,249000043,48.43714,2,15,23,12,3,5,3,5,2,6,11,4,19,5.2632,1,-0.0002,0,0,0,0,0,0,0,0,0,0,0,0,0,0,0,0,0,0,0,0,-0.0004,0,0,0,0,0,0,0,0,0,0,4.3756,5.0705,4.3899,4.8919,2,0,0.25,1.0829
3,249000053,48.83591,2,15,23,12,3,5,3,5,2,7,11,4,19,5.2632,1,0.3988,0,0,0,0,0,0,0,0,0,0,0,0,0,0,0,0,0,0,1,3,0.8233,0,0,0,0,0,0,0,0,0,50,4.3761,5.1124,4.3905,5.5314,2,0,0.24,1.8309
2,250000003,48.88472,2,15,23,12,3,5,3,5,2,7,11,2,1,5.2632,1,0.0488,0,0,0,0,0,0,0,0,0,0,0,0,0,0,0,0,0,0,0,0,0.0999,0,0,0,0,0,0,0,0,0,0,4.3767,5.1544,4.3914,9.3525,3,0.21,0.26,0.9426
2,250000033,48.88518,2,15,23,12,3,5,3,5,2,7,11,13,19,1900,1,0.0005,0,0,0,0,0,0,0,0,0,0,0,0,0,0,0,0,0,0,0,0,0.0009,0,0,0,0,0,0,0,0,0,0,4.377,5.1124,4.392,4.8544,2,0.21,0.25,1.0641
1,251000023,48.9151,2,15,23,12,3,5,3,5,2,7,11,4,19,5.2632,1,0.0299,0,0,0,0,0,0,0,0,0,0,0,0,0,0,0,0,0,0,0,0,0.0612,0,0,0,0,0,0,0,0,0,0,4.3773,5.1544,4.3921,5.4802,2,0.21,0.25,0.8433
2,252000003,49.30983,2,15,23,12,3,5,3,5,2,7,11,11,19,21.0526,1,0.3947,0,0,0,0,0,0,0,0,0,0,0,0,0,0,0,0,0,0,0,0,0.807,0,0,0,0,0,0,0,0,0,0,4.3779,5.1124,4.393,4.3561,1,0.21,0.24,0.9342
1,252000023,49.60219,2,15,23,12,3,5,3,5,2,7,11,10,19,5.2632,1,0.2924,0,0,0,0,0,0,0,0,0,0,0,0,0,0,0,0,0,0,0,0,0.5929,0,0,0,0,0,0,0,0,0,0,4.3785,5.0705,4.3938,4.8112,2,0.21,0.23,0.8295
3,253000013,49.69991,2,15,23,12,3,5,3,5,2,7,10.5,5,19,21.0526,1,0.0977,0,0,0,0,0,0,0,0,0,0,0,0,0,0,0,0,0,0,0,0,0.197,0,0,0,0,0,0,0,0,0,0,4.3792,5.0409,4.3943,4.2718,1,0,0.23,1.2242
2,254000003,49.79406,2,15,23,12,3,5,3,5,2,7,11,13,19,5.2632,1,0.0942,0,0,0,0,0,0,0,0,0,0,0,0,0,0,0,0,0,0,0,0,0.1894,0,0,0,0,0,0,0,0,0,0,4.3799,5.0705,4.3954,6.3048,3,0.21,0.25,1.007
1,255000003,49.93347,2,15,23,12,3,5,3,5,2,7,11,15,19,21.0526,1,0.1394,0,0,0,0,0,0,0,0,0,0,0,0,0,0,0,0,0,0,0,0,0.28,0,0,0,0,0,0,0,0,0,0,4.3808,5.1124,4.3963,5.1964,2,0.21,0.24,0.807
2,255000013,49.93856,2,15,23,12,3,5,3,5,2,7,11,4,19,5.2632,1,0.0051,0,0,0,0,0,0,0,0,0,0,0,0,0,0,0,0,0,0,0,0,0.0102,0,0,0,0,0,0,0,0,0,0,4.3816,5.0705,4.3966,4.1642,1,0.21,0.24,0.973
2,256000003,50.06162,2,15,23,12,3,5,3,5,2,7,11,12,19,5.2632,1,0.1231,0,0,0,0,0,0,0,0,0,0,0,0,0,0,0,0,0,0,0,0,0.2464,0,0,0,0,0,0,0,0,0,0,4.3821,5.0409,4.3976,5.0111,2,0.21,0.23,1.058
1,257000023,50.32338,2,15,23,12,3,5,3,5,2,7,11,14,19,21.0526,1,0.2618,0,0,0,0,0,0,0,0,0,0,0,0,0,0,0,0,0,0,0,0,0.5229,0,0,0,0,0,0,0,0,0,0,4.3826,5.0705,4.3983,5.4489,2,0.21,0.22,0.8625
2,258000003,50.38228,2,15,23,12,3,5,3,5,2,7,11,10,19,5.2632,1,0.0589,0,0,0,0,0,0,0,0,0,0,0,0,0,0,0,0,0,0,0,0,0.117,0,0,0,0,0,0,0,0,0,0,4.3828,5.0409,4.4001,4.4422,1,0,0.22,1.0261
2,259000013,50.5267,2,15,23,12,3,5,3,5,2,7,11,1,19,5.2632,1,-0.0032,0,0,0,0,0,0,0,0,0,0,0,0,0,0,0,0,0,0,0,0,-0.0063,0,0,0,0,0,0,0,0,0,0,4.3834,5.0113,4.4006,0,2,0,0.21,0.9477
2,259000033,50.52666,2,15,23,12,3,5,3,5,2,7,10.5,5,19,5.2632,0,0,0,0,0,0,0,0,0,0,0,0,0,0,0,0,0,0,0,0,0,0,-0.0001,0,0,0,0,0,0,0,0,0,0,4.3838,5.0112,4.401,4.8408,2,0,0.21,1.0197
3,260000003,50.62237,2,15,23,12,3,5,3,5,2,7,10,7,19,5.2632,1,0.0957,0,0,0,0,0,0,0,0,0,0,0,0,0,0,0,0,0,0,0,0,0.1894,0,0,0,0,0,0,0,0,0,0,4.3843,5.0113,4.4013,5.209,2,0,0.21,1.1939
3,260000013,50.60727,2,15,23,12,3,5,3,5,2,7,10,7,19,5.2632,1,-0.0151,0,0,0,0,0,0,0,0,0,0,0,0,0,0,0,0,0,0,0,0,-0.0298,0,0,0,0,0,0,0,0,0,0,4.3847,5.0409,4.4018,6.1485,3,0.21,0.22,1.3155
3,261000003,50.74406,2,15,23,24,3,5,15,5,2,7,10,7,19,5.2632,1,0.1368,0,0,0,0,0,0,1,12,0,0,0,0,1,12,0,0,0,0,0,0,0.2703,0,0,0,100,0,0,400,0,0,0,4.3851,5.0705,4.4022,6.788,3,0.41,0.24,1.2928
1,261000023,50.74871,2,15,23,24,3,5,15,5,2,7,10,4,19,5.2632,1,0.0046,0,0,0,0,0,0,0,0,0,0,0,0,0,0,0,0,0,0,0,0,0.0092,0,0,0,0,0,0,0,0,0,0,4.3858,5.1124,4.4022,6.6922,3,0.61,0.25,0.8063
1,261000033,50.74486,2,15,23,24,3,5,15,5,2,7,10,3,19,5.2632,1,-0.0038,0,0,0,0,0,0,0,0,0,0,0,0,0,0,0,0,0,0,0,0,-0.0076,0,0,0,0,0,0,0,0,0,0,4.3864,5.0705,4.4025,4.1741,1,0.61,0.25,0.5066
2,262000003,50.79387,2,15,23,24,3,5,15,5,2,7,10,5,19,5.2632,1,0.049,0,0,0,0,0,0,0,0,0,0,0,0,0,0,0,0,0,0,0,0,0.0966,0,0,0,0,0,0,0,0,0,0,4.387,5.0409,4.4031,2.6142,1,0.61,0.24,1.1143
2,263000003,51.18064,2,15,23,24,3,5,15,5,2,7,10,15,19,5.2632,1,0.3868,0,0,0,0,0,0,0,0,0,0,0,0,0,0,0,0,0,0,0,0,0.7615,0,0,0,0,0,0,0,0,0,0,4.3875,5.0705,4.404,5.7499,2,0.41,0.24,0.9599
2,264000003,51.99026,2,15,23,24,3,5,15,5,2,7,10,15,19,5.2632,1,0.8096,0,0,0,0,0,0,0,0,0,0,0,0,0,0,0,0,0,0,0,0,1.5819,0,0,0,0,0,0,0,0,0,0,4.3879,5.0409,4.4049,4.9689,2,0.21,0.24,1.0058
2,264000023,52.04728,2,15,23,24,3,5,15,5,2,7,10,1,19,5.2632,1,0.0004,0,0,0,0,0,0,0,0,0,0,0,0,0,0,0,0,0,0,0,0,0.0007,0,0,0,0,0,0,0,0,0,0,4.3889,5.0409,4.405,0,2,0,0.23,0.9142
1,265000013,51.94155,2,15,23,24,3,5,15,5,2,7,10,9,19,5.2632,1,-0.1057,0,0,0,0,0,0,0,0,0,0,0,0,0,0,0,0,0,0,0,0,-0.2031,0,0,0,0,0,0,0,0,0,0,4.3896,5.0113,4.406,4.7173,2,0,0.23,0.7537
2,265000033,51.94166,2,15,23,24,3,5,15,5,2,7,9.5,4,19,5.2632,1,0.0001,0,0,0,0,0,0,0,0,0,0,0,0,0,0,0,0,0,0,0,0,0.0002,0,0,0,0,0,0,0,0,0,0,4.3898,5.0112,4.4063,3.8818,1,0,0.22,0.9269
2,266000003,51.81904,2,15,23,24,3,5,15,5,2,7,10,13,19,5.2632,1,-0.1226,0,0,0,0,0,0,0,0,0,0,0,0,0,0,0,0,0,0,0,0,-0.2361,0,0,0,0,0,0,0,0,0,0,4.3899,5.0111,4.4071,4.7348,2,0,0.22,0.9417
2,266000023,51.8192,2,15,23,24,3,5,15,5,2,7,9.5,2,19,5.2632,1,0.0002,0,0,0,0,0,0,0,0,0,0,0,0,0,0,0,0,0,0,0,0,0.0003,0,0,0,0,0,0,0,0,0,0,4.3902,4.9937,4.4072,4.8101,2,0,0.22,1.0554
2,267000003,29.62602,2,15,23,24,3,5,15,5,2,7,9,8,1,5.2632,1,-22.1932,0,0,0,0,0,0,0,0,0,0,0,0,0,0,0,0,0,0,0,0,-42.8281,0,0,0,0,0,0,0,0,0,0,4.3905,5.0111,4.4079,5.3911,2,0,0.21,1.0505
2,267000013,29.62612,2,15,23,24,3,5,15,5,2,7,8.5,7,19,1900,1,0.0001,0,0,0,0,0,0,0,0,0,0,0,0,0,0,0,0,0,0,0,0,0.0004,0,0,0,0,0,0,0,0,0,0,4.3909,5.0112,4.4082,5.3965,2,0,0.21,1.0558
1,268000003,52.09393,2,15,24,24,3,5,15,5,2,7,8,7,19,5.2632,1,22.4678,0,0,0,0,1,1,0,0,0,0,0,0,0,0,0,0,0,0,0,0,75.8378,0,0,4.3478,0,0,0,0,0,0,0,4.3914,5.0113,4.409,5.4236,2,0,0.21,0.7243
1,268000013,52.09705,2,15,24,24,3,5,15,5,2,7,8,8,19,5.2632,1,0.0031,0,0,0,0,0,0,0,0,0,0,0,0,0,0,0,0,0,0,0,0,0.006,0,0,0,0,0,0,0,0,0,0,4.3917,5.0112,4.4094,3.7206,1,0,0.2,0.7525
3,268000023,52.09787,2,15,24,24,3,5,15,5,2,7,8,4,19,5.2632,1,0.0008,0,0,0,0,0,0,0,0,0,0,0,0,0,0,0,0,0,0,0,0,0.0016,0,0,0,0,0,0,0,0,0,0,4.392,5.0111,4.4098,3.8373,1,0,0.2,1.437
2,269000003,52.12708,2,15,24,24,3,5,15,5,2,7,8,2,1,5.2632,1,0.0292,0,0,0,0,0,0,0,0,0,0,0,0,0,0,0,0,0,0,0,0,0.0561,0,0,0,0,0,0,0,0,0,0,4.392,5.0112,4.4102,7.3276,3,0.21,0.21,0.9098
3,269000013,52.1285,2,15,24,24,3,5,15,5,2,7,8,5,19,1900,1,0.0014,0,0,0,0,0,0,0,0,0,0,0,0,0,0,0,0,0,0,0,0,0.0027,0,0,0,0,0,0,0,0,0,0,4.3921,5.0111,4.4103,4.6718,2,0.21,0.21,1.1804
2,270000003,52.32489,2,15,24,24,3,5,15,5,2,7,8,10,1,5.2632,1,0.1964,0,0,0,0,0,0,0,0,0,0,0,0,0,0,0,0,0,0,0,0,0.3767,0,0,0,0,0,0,0,0,0,0,4.3926,5.0112,4.411,6.0612,3,0.41,0.22,0.8914
3,270000013,52.32406,2,15,24,24,3,5,15,5,2,7,8,8,19,1900,1,-0.0008,0,0,0,0,0,0,0,0,0,0,0,0,0,0,0,0,0,0,0,0,-0.0016,0,0,0,0,0,0,0,0,0,0,4.393,5.0111,4.4116,4.5775,2,0.41,0.22,1.1956
2,276000013,33.7513,2,15,24,24,3,5,15,5,2,7,8,79,19,5.2632,1,-18.5728,0,0,0,0,0,0,0,0,0,0,0,0,0,0,0,0,0,0,0,0,-35.4956,0,0,0,0,0,0,0,0,0,0,4.3934,5.0112,4.4121,6.1393,3,0.61,0.23,1.0903
1,276000023,33.75151,2,15,24,24,3,5,15,5,2,7,8,4,19,5.2632,1,0.0002,0,0,0,0,0,0,0,0,0,0,0,0,0,0,0,0,0,0,0,0,0.0006,0,0,0,0,0,0,0,0,0,0,4.3938,5.0113,4.4159,5.608,2,0.41,0.23,0.809
1,277000003,33.9167,2,15,24,24,3,5,15,5,2,7,8,5,19,5.2632,1,0.1652,0,0,0,0,0,0,0,0,0,0,0,0,0,0,0,0,0,0,0,0,0.4895,0,0,0,0,0,0,0,0,0,0,4.394,5.0112,4.4167,4.1611,1,0.41,0.22,0.4471
1,277000013,33.91681,2,15,24,24,3,5,15,5,2,7,8,6,19,5.2632,1,0.0001,0,0,0,0,0,0,0,0,0,0,0,0,0,0,0,0,0,0,0,0,0.0003,0,0,0,0,0,0,0,0,0,0,4.3943,5.0111,4.4168,2.3053,1,0.21,0.22,0.6301
1,278000003,33.92109,2,15,24,24,3,5,15,5,2,7,8,9,19,5.2632,1,0.0043,0,0,0,0,0,0,0,0,0,0,0,0,0,0,0,0,0,0,0,0,0.0126,0,0,0,0,0,0,0,0,0,0,4.3948,4.9937,4.4179,3.2133,1,0.21,0.22,0.7902
3,278000013,33.94012,2,15,24,24,3,5,15,5,2,7,8,8,1,5.2632,1,0.019,0,0,0,0,0,0,0,0,0,0,0,0,0,0,0,0,0,0,0,0,0.0561,0,0,0,0,0,0,0,0,0,0,4.3954,4.9763,4.4182,4.0295,1,0,0.21,1.7124
3,279000013,34.36284,2,15,24,24,3,5,15,5,2,7,8,11,1,100,1,0.4227,0,0,0,0,0,0,0,0,0,0,0,0,0,0,0,0,0,0,0,0,1.2455,0,0,0,0,0,0,0,0,0,0,4.3958,4.9937,4.4182,8.7322,3,0.21,0.22,1.8586
3,279000023,34.36386,2,15,24,24,3,5,15,5,2,7,8,6,19,1900,1,0.001,0,0,0,0,0,0,0,0,0,0,0,0,0,0,0,0,0,0,0,0,0.003,0,0,0,0,0,0,0,0,0,0,4.3963,5.0111,4.4181,9.5439,3,0.41,0.23,1.1826
2,280000023,34.51339,2,15,24,24,3,5,15,5,2,7,8,7,1,5.2632,1,0.1495,0,0,0,0,0,0,0,0,0,0,0,0,0,0,0,0,0,0,0,0,0.4351,0,0,0,0,0,0,0,0,0,0,4.3964,5.0112,4.4184,6.0829,3,0.61,0.24,1.0005
2,280000033,34.51344,2,15,24,24,3,5,15,5,2,7,8,4,19,1900,1,0.0001,0,0,0,0,0,0,0,0,0,0,0,0,0,0,0,0,0,0,0,0,0.0002,0,0,0,0,0,0,0,0,0,0,4.3966,5.0113,4.4186,5.1463,2,0.61,0.24,0.9039
3,281000003,34.6209,2,15,24,24,3,5,15,5,2,7,7.5,6,19,5.2632,1,0.1075,0,0,0,0,0,0,0,0,0,0,0,0,0,0,0,0,0,0,0,0,0.3113,0,0,0,0,0,0,0,0,0,0,4.3971,5.0112,4.4192,4.6494,2,0.61,0.24,1.1393
2,281000013,34.62152,2,15,24,24,3,5,15,5,2,7,7,5,19,5.2632,1,0.0006,0,0,0,0,0,0,0,0,0,0,0,0,0,0,0,0,0,0,0,0,0.0018,0,0,0,0,0,0,0,0,0,0,4.3976,5.0113,4.4193,5.8502,3,0.61,0.25,1.0869
3,281000023,34.62196,2,15,24,24,3,5,15,5,2,7,7,3,19,5.2632,1,0.0004,0,0,0,0,0,0,0,0,0,0,0,0,0,0,0,0,0,0,0,0,0.0013,0,0,0,0,0,0,0,0,0,0,4.398,5.0409,4.4195,5.5906,2,0.41,0.25,1.2045
1,282000003,35.11878,2,15,24,24,3,5,15,5,2,7,7,7,19,5.2632,1,0.4968,0,0,0,0,0,0,0,0,0,0,0,0,0,0,0,0,0,0,0,0,1.435,0,0,0,0,0,0,0,0,0,0,4.3983,5.0705,4.4199,6.1985,3,0.41,0.25,0.8381
1,282000013,35.12412,2,15,24,24,3,5,15,5,2,7,7,6,19,5.2632,1,0.0053,0,0,0,0,0,0,0,0,0,0,0,0,0,0,0,0,0,0,0,0,0.0152,0,0,0,0,0,0,0,0,0,0,4.3992,5.0409,4.4201,4.3163,1,0.41,0.25,0.7027
3,283000013,36.11764,2,15,24,24,3,5,15,5,2,7,7,11,19,5.2632,1,0.9935,0,0,0,0,0,0,0,0,0,0,0,0,0,0,0,0,0,0,0,0,2.8286,0,0,0,0,0,0,0,0,0,0,4.4001,5.0113,4.4213,3.6161,1,0.41,0.25,3.224
3,283000023,36.11748,2,15,24,24,3,5,15,5,2,7,7,2,19,5.2632,1,-0.0002,0,0,0,0,0,0,0,0,0,0,0,0,0,0,0,0,0,0,0,0,-0.0004,0,0,0,0,0,0,0,0,0,0,4.4003,5.0409,4.4205,16.5909,3,0.41,0.26,1.1717
1,284000013,39.20643,1,15,24,24,3,5,15,9,2,7,7,12,19,5.2632,1,3.0889,1,1,0,0,0,0,0,0,0,0,0,0,0,0,1,4,0,0,0,0,8.5525,50,0,0,0,0,0,0,80,0,0,4.4005,5.0705,4.4212,6.0346,3,0.61,0.27,0.8438
3,285000003,39.60261,1,15,24,24,3,5,15,9,2,7,7,15,19,5.2632,1,0.3962,0,0,0,0,0,0,0,0,0,0,0,0,0,0,0,0,0,0,0,0,1.0105,0,0,0,0,0,0,0,0,0,0,4.4005,5.0409,4.4218,4.3541,1,0.41,0.26,1.5157
3,285000013,39.60345,1,15,24,24,3,5,15,9,2,7,7,2,19,5.2632,1,0.0008,0,0,0,0,0,0,0,0,0,0,0,0,0,0,0,0,0,0,0,0,0.0021,0,0,0,0,0,0,0,0,0,0,4.4006,5.0705,4.4218,7.8212,3,0.61,0.27,1.3535
2,286000003,38.98405,1,15,27,24,3,5,15,8,2,8,7,10,19,5.2632,1,-0.6194,0,0,0,0,1,3,0,0,0,0,0,0,0,0,1,1,0,0,1,1,-1.564,0,0,12.5,0,0,0,0,11.1111,0,14.2857,4.4007,5.1084,4.4222,7.0068,3,0.81,0.28,1.0807
3,286000023,38.99099,1,15,27,24,3,5,15,8,2,8,7,5,19,5.2632,1,0.0069,0,0,0,0,0,0,0,0,0,0,0,0,0,0,0,0,0,0,0,0,0.0178,0,0,0,0,0,0,0,0,0,0,4.4007,5.1463,4.4224,5.6075,2,0.61,0.28,1.2283
3,286000033,38.99304,1,15,27,24,3,5,15,8,2,8,7,4,19,5.2632,1,0.002,0,0,0,0,0,0,0,0,0,0,0,0,0,0,0,0,0,0,0,0,0.0052,0,0,0,0,0,0,0,0,0,0,4.4009,5.1503,4.4225,6.3789,3,0.61,0.29,1.2767
1,287000013,41.03539,1,15,27,22,2,5,14,9,2,9,7,4,19,5.2632,1,2.0424,0,0,0,0,0,0,1,2,1,1,0,0,1,1,1,1,0,0,1,1,5.2377,0,0,0,8.3333,33.3333,0,6.6667,12.5,0,12.5,4.401,5.1544,4.4228,6.6354,3,0.81,0.29,0.6939
3,287000033,41.04644,1,15,27,22,2,5,14,9,2,9,7,6,19,5.2632,1,0.011,0,0,0,0,0,0,0,0,0,0,0,0,0,0,0,0,0,0,0,0,0.0269,0,0,0,0,0,0,0,0,0,0,4.4012,5.1503,4.423,3.6108,1,0.61,0.29,1.8746
3,288000003,41.14425,1,15,27,22,2,5,14,9,2,9,7,7,19,5.2632,1,0.0978,0,0,0,0,0,0,0,0,0,0,0,0,0,0,0,0,0,0,0,0,0.2383,0,0,0,0,0,0,0,0,0,0,4.4013,5.1544,4.4229,9.7545,3,0.61,0.3,1.4155
3,288000013,41.16528,1,15,27,22,2,5,14,9,2,9,7,6,19,5.2632,1,0.021,0,0,0,0,0,0,0,0,0,0,0,0,0,0,0,0,0,0,0,0,0.0511,0,0,0,0,0,0,0,0,0,0,4.4016,5.171,4.423,7.3826,3,0.81,0.31,1.5275
3,289000013,41.96936,1,15,27,22,2,5,14,9,2,9,7,11,19,5.2632,1,0.8041,0,0,0,0,0,0,0,0,0,0,0,0,0,0,0,0,0,0,0,0,1.9533,0,0,0,0,0,0,0,0,0,0,4.4018,5.1877,4.423,7.9831,3,0.81,0.31,1.1748
3,289000033,41.96899,1,15,27,22,2,5,14,9,2,9,7,4,19,5.2632,1,-0.0004,0,0,0,0,0,0,0,0,0,0,0,0,0,0,0,0,0,0,0,0,-0.0009,0,0,0,0,0,0,0,0,0,0,4.402,5.1889,4.4232,6.1398,3,0.81,0.32,1.3952
3,290000003,41.98308,1,15,27,22,2,5,14,9,2,9,7,6,19,5.2632,1,0.0141,0,0,0,0,0,0,0,0,0,0,0,0,0,0,0,0,0,0,0,0,0.0336,0,0,0,0,0,0,0,0,0,0,4.4022,5.1901,4.4233,7.3049,3,1,0.33,1.6655
3,290000023,41.98478,1,15,27,22,2,5,14,9,2,9,7,12,19,5.2632,1,0.0017,0,0,0,0,0,0,0,0,0,0,0,0,0,0,0,0,0,0,0,0,0.0041,0,0,0,0,0,0,0,0,0,0,4.4022,5.1933,4.4233,8.7365,3,1,0.33,1.6071
3,291000013,42.06772,1,15,27,22,2,5,14,9,2,9,7,3,19,5.2632,1,0.0829,0,0,0,0,0,0,0,0,0,0,0,0,0,0,0,0,0,0,0,0,0.1975,0,0,0,0,0,0,0,0,0,0,4.4022,5.1964,4.4234,8.4379,3,1,0.34,1.5015
3,292000003,42.13325,1,15,27,22,2,5,14,9,3,9,7,17,19,5.2632,1,0.0655,0,0,0,0,0,0,0,0,0,0,0,0,0,0,0,0,1,1,0,0,0.1558,0,0,0,0,0,0,0,0,50,0,4.4024,5.2027,4.4234,7.8866,3,1,0.35,2.1975
3,292000013,42.13295,1,15,27,22,2,5,14,9,3,9,7,3,19,5.2632,1,-0.0003,0,0,0,0,0,0,0,0,0,0,0,0,0,0,0,0,0,0,0,0,-0.0007,0,0,0,0,0,0,0,0,0,0,4.4025,5.209,4.4236,11.5789,3,1,0.35,1.5205
3,293000003,42.24834,1,15,27,22,2,5,14,9,3,9,7,7,19,5.2632,1,0.1154,0,0,0,0,0,0,0,0,0,0,0,0,0,0,0,0,0,0,0,0,0.2739,0,0,0,0,0,0,0,0,0,0,4.4028,5.2197,4.4235,8.0379,3,1,0.36,1.2991
3,293000013,42.24751,1,15,27,22,2,5,14,9,3,9,7,7,19,5.2632,1,-0.0008,0,0,0,0,0,0,0,0,0,0,0,0,0,0,0,0,0,0,0,0,-0.002,0,0,0,0,0,0,0,0,0,0,4.4031,5.2305,4.4236,6.8712,3,1,0.37,1.4904
3,294000003,42.38982,1,15,27,22,2,5,14,9,3,9,7,7,19,5.2632,1,0.1423,0,0,0,0,0,0,0,0,0,0,0,0,0,0,0,0,0,0,0,0,0.3368,0,0,0,0,0,0,0,0,0,0,4.4035,5.2358,4.4236,7.9103,3,1,0.37,1.5448
2,294000043,42.39367,1,15,27,22,2,5,14,9,3,9,7,1,19,5.2632,1,0.0032,0,0,0,0,0,0,0,0,0,0,0,0,0,0,0,0,0,0,0,0,0.0075,0,0,0,0,0,0,0,0,0,0,4.4044,5.2358,4.4237,0,3,1,0.38,0.8848
1,294000053,42.38182,1,15,27,22,2,5,14,9,3,9,7,2,19,5.2632,1,-0.0118,0,0,0,0,0,0,0,0,0,0,0,0,0,0,0,0,0,0,0,0,-0.0279,0,0,0,0,0,0,0,0,0,0,4.4049,5.2305,4.4239,4.7218,2,0.81,0.38,0.8243
1,294000063,42.37495,1,15,27,22,2,5,14,9,3,9,7,2,19,5.2632,1,-0.0069,0,0,0,0,0,0,0,0,0,0,0,0,0,0,0,0,0,0,0,0,-0.0162,0,0,0,0,0,0,0,0,0,0,4.4049,5.2197,4.4241,4.375,1,0.61,0.37,0.199
2,295000003,42.49621,1,15,27,22,2,5,14,9,3,9,7,2,19,5.2632,1,0.1213,0,0,0,0,0,0,0,0,0,0,0,0,0,0,0,0,0,0,0,0,0.2862,0,0,0,0,0,0,0,0,0,0,4.405,5.209,4.4241,1.0563,1,0.41,0.37,1.0938
2,295000013,42.49698,1,15,27,22,2,5,14,9,3,9,7,8,19,5.2632,1,0.0008,0,0,0,0,0,0,0,0,0,0,0,0,0,0,0,0,0,0,0,0,0.0018,0,0,0,0,0,0,0,0,0,0,4.405,5.2197,4.4244,5.8054,2,0.21,0.37,0.9421
3,295000023,42.49914,1,15,27,22,2,5,14,9,3,9,7,3,19,5.2632,1,0.0022,0,0,0,0,0,0,0,0,0,0,0,0,0,0,0,0,0,0,0,0,0.0051,0,0,0,0,0,0,0,0,0,0,4.405,5.209,4.4245,5.0279,2,0,0.36,1.3815
3,296000023,41.78002,1,15,27,22,2,5,14,9,3,9,7,4,19,5.2632,1,-0.7191,0,0,0,0,0,0,0,0,0,0,0,0,0,0,0,0,0,0,0,0,-1.6921,0,0,0,0,0,0,0,0,0,0,4.4055,5.2197,4.4247,7.3728,3,0.21,0.37,1.2691
3,296000033,41.78808,1,15,27,22,2,5,14,9,3,9,7,7,19,5.2632,1,0.0081,0,0,0,0,0,0,0,0,0,0,0,0,0,0,0,0,0,0,0,0,0.0193,0,0,0,0,0,0,0,0,0,0,4.406,5.2305,4.4248,6.7885,3,0.41,0.37,1.248
3,297000003,41.92623,1,15,27,22,2,5,14,9,3,9,7,7,19,5.2632,1,0.1381,0,0,0,0,0,0,0,0,0,0,0,0,0,0,0,0,0,0,0,0,0.3306,0,0,0,0,0,0,0,0,0,0,4.4062,5.2358,4.425,6.7025,3,0.61,0.38,1.947
3,297000013,41.96874,1,15,27,22,2,5,14,9,3,9,7,5,19,5.2632,1,0.0425,0,0,0,0,0,0,0,0,0,0,0,0,0,0,0,0,0,0,0,0,0.1014,0,0,0,0,0,0,0,0,0,0,4.4063,5.2411,4.4248,10.502,3,0.81,0.39,2.4407
3,297000023,41.96846,1,15,27,22,2,5,14,9,3,9,7,2,19,5.2632,1,-0.0003,0,0,0,0,0,0,0,0,0,0,0,0,0,0,0,0,0,0,0,0,-0.0007,0,0,0,0,0,0,0,0,0,0,4.4067,5.2627,4.4248,13.1783,3,1,0.39,1.527
3,297000033,41.97168,1,15,27,22,2,5,14,9,3,9,7,6,19,5.2632,1,0.0032,0,0,0,0,0,0,0,0,0,0,0,0,0,0,0,0,0,0,0,0,0.0077,0,0,0,0,0,0,0,0,0,0,4.4071,5.2843,4.4248,8.2551,3,1,0.4,1.741
3,300000003,49.49891,1,15,27,22,2,5,14,9,3,9,7,7,19,5.2632,1,7.5272,0,0,0,0,0,0,0,0,0,0,0,0,0,0,0,0,0,0,0,0,17.9341,0,0,0,0,0,0,0,0,0,0,4.4072,5.3161,4.4249,9.4308,3,1,0.4,1.5907
3,300000013,49.49982,1,15,27,22,2,5,14,9,3,9,7,7,19,5.2632,1,0.0009,0,0,0,0,0,0,0,0,0,0,0,0,0,0,0,0,0,0,0,0,0.0018,0,0,0,0,0,0,0,0,0,0,4.4072,5.3479,4.4249,8.6296,3,1,0.41,1.5479
3,301000003,51.20569,1,15,27,22,2,5,14,9,3,9,7,8,19,5.2632,1,1.7059,0,0,0,0,0,0,0,0,0,0,0,0,0,0,0,0,0,0,0,0,3.4462,0,0,0,0,0,0,0,0,0,0,4.4076,5.3695,4.425,8.4036,3,1,0.41,1.7876
3,301000023,51.2073,1,15,27,22,2,5,14,9,3,9,7,4,19,5.2632,1,0.0016,0,0,0,0,0,0,0,0,0,0,0,0,0,0,0,0,0,0,0,0,0.0031,0,0,0,0,0,0,0,0,0,0,4.4079,5.3911,4.425,9.725,3,1,0.42,1.1938
3,302000013,51.39699,1,15,27,22,2,5,14,9,3,9,7,10,19,5.2632,1,0.1897,0,0,0,0,0,0,0,0,0,0,0,0,0,0,0,0,0,0,0,0,0.3704,0,0,0,0,0,0,0,0,0,0,4.4081,5.3938,4.4252,6.5051,3,1,0.42,1.3148
3,302000033,51.39839,1,15,27,22,2,5,14,9,3,9,7,7,19,5.2632,1,0.0014,0,0,0,0,0,0,0,0,0,0,0,0,0,0,0,0,0,0,0,0,0.0027,0,0,0,0,0,0,0,0,0,0,4.4082,5.3965,4.4253,7.1722,3,1,0.43,1.9091
2,302000043,51.3992,1,15,27,22,2,5,14,9,3,9,7,4,19,5.2632,1,0.0008,0,0,0,0,0,0,0,0,0,0,0,0,0,0,0,0,0,0,0,0,0.0016,0,0,0,0,0,0,0,0,0,0,4.4086,5.4101,4.4254,10.4443,3,1,0.43,1.0094
2,303000043,51.67045,1,15,27,23,2,5,15,9,4,10,7,14,19,5.2632,1,0.2713,0,0,0,0,0,0,1,1,0,0,0,0,1,1,0,0,1,1,1,1,0.5277,0,0,0,4.5455,0,0,7.1429,0,33.3333,11.1111,4.409,5.4236,4.4254,5.5365,2,0.81,0.43,0.9843
